Summary,Video_link
Explore the latest advancements in technology and what the future holds.,https://youtube.com/watch?v=Z76fXcV_h04
Explore the latest advancements in technology and what the future holds.,https://youtube.com/watch?v=V-eHFm7BQOY
Explore the latest advancements in technology and what the future holds.,https://youtube.com/watch?v=CzmidTJXjXQ
Explore the latest advancements in technology and what the future holds.,https://youtube.com/watch?v=Z76fXcV_h04
Explore the latest advancements in technology and what the future holds.,https://youtube.com/watch?v=5VdoZqVeJI4
Explore the latest advancements in technology and what the future holds.,https://youtube.com/watch?v=fyQFPK79Q30
Explore the latest advancements in technology and what the future holds.,https://youtube.com/watch?v=fyQFPK79Q30
Explore the latest advancements in technology and what the future holds.,https://youtube.com/watch?v=fyQFPK79Q30
Explore the latest advancements in technology and what the future holds.,https://youtube.com/watch?v=cv32cd2CcqA
Explore the latest advancements in technology and what the future holds.,https://youtube.com/watch?v=-pcITJ1klqU
