first_name	last_name
Liam	Smith
Olivia	Johnson
Noah	Williams
Emma	Brown
Oliver	Jones
Ava	Miller
Elijah	Davis
Sophia	Garc√≠a
James	Rodriguez
Isabella	Martinez
William	Hernandez
Mia	Lopez
Benjamin	Gonzalez
Charlotte	Wilson
Lucas	Anderson
Amelia	Thomas
Henry	Taylor
Harper	Moore
Alexander	Jackson
Evelyn	Martin
Sebastian	Lee
Abigail	Perez
Jack	Thompson
Ella	White
Aiden	Harris
Sofia	Sanchez
Matthew	Clark
Scarlett	Ramirez
David	Robinson
Grace	Walker
Joseph	Young
Chloe	Allen
Samuel	Hernandez
Victoria	King
Carter	Wright
Aria	Scott
Wyatt	Green
Luna	Bailey
Matthew	Adams
Zoe	Bell
Isaac	Cook
Nora	Mitchell
Gabriel	Perez
Riley	Roberts
Anthony	Turner
Addison	Phillips
Dylan	Campbell
Lucy	Parker
Leo	Evans
Mila	Edwards
Jaxon	Collins
Layla	Stewart
Asher	Sanchez
Ellie	Nguyen
Christopher	Long
Samantha	Scott
Joshua	Lee
Aubrey	Hall
Nathan	Allen
Hannah	Young
Isaiah	Hernandez
Lily	King
Thomas	Wright
Maverick	Scott
Kinsley	Green
Eli	Bailey
Peyton	Adams
Jace	Roberts
Ariana	Mitchell
Caleb	Carter
Nina	Phillips
Hunter	Evans
Mackenzie	Turner
Landon	Collins
Sophie	Stewart
Jordan	Nguyen
Maddox	Long
Kylie	Scott
Ryder	Lee
