first_name	last_name	email
Liam	Smith	liam.smith@example.com
Olivia	Johnson	olivia.johnson@example.com
Noah	Williams	noah.williams@example.com
Emma	Brown	emma.brown@example.com
Oliver	Jones	oliver.jones@example.com
Ava	Miller	ava.miller@example.com
Elijah	Davis	elijah.davis@example.com
Sophia	Garc√≠a	sophia.garcia@example.com
James	Rodriguez	james.rodriguez@example.com
Isabella	Martinez	isabella.martinez@example.com
William	Hernandez	william.hernandez@example.com
Mia	Lopez	mia.lopez@example.com
Benjamin	Gonzalez	benjamin.gonzalez@example.com
Charlotte	Wilson	charlotte.wilson@example.com
Lucas	Anderson	lucas.anderson@example.com
Amelia	Thomas	amelia.thomas@example.com
Henry	Taylor	henry.taylor@example.com
Harper	Moore	harper.moore@example.com
Alexander	Jackson	alexander.jackson@example.com
Evelyn	Martin	evelyn.martin@example.com
Sebastian	Lee	sebastian.lee@example.com
Abigail	Perez	abigail.perez@example.com
Jack	Thompson	jack.thompson@example.com
Ella	White	ella.white@example.com
Aiden	Harris	aiden.harris@example.com
Sofia	Sanchez	sofia.sanchez@example.com
Matthew	Clark	matthew.clark@example.com
Scarlett	Ramirez	scarlett.ramirez@example.com
David	Robinson	david.robinson@example.com
Grace	Walker	grace.walker@example.com
Joseph	Young	joseph.young@example.com
Chloe	Allen	chloe.allen@example.com
Samuel	Hernandez	samuel.hernandez@example.com
Victoria	King	victoria.king@example.com
Carter	Wright	carter.wright@example.com
Aria	Scott	aria.scott@example.com
Wyatt	Green	wyatt.green@example.com
Luna	Bailey	luna.bailey@example.com
Matthew	Adams	matthew.adams@example.com
Zoe	Bell	zoe.bell@example.com
Isaac	Cook	isaac.cook@example.com
Nora	Mitchell	nora.mitchell@example.com
Gabriel	Perez	gabriel.perez@example.com
Riley	Roberts	riley.roberts@example.com
Anthony	Turner	anthony.turner@example.com
Addison	Phillips	addison.phillips@example.com
Dylan	Campbell	dylan.campbell@example.com
Lucy	Parker	lucy.parker@example.com
Leo	Evans	leo.evans@example.com
Mila	Edwards	mila.edwards@example.com
Jaxon	Collins	jaxon.collins@example.com
Layla	Stewart	layla.stewart@example.com
Asher	Sanchez	asher.sanchez@example.com
Ellie	Nguyen	ellie.nguyen@example.com
Christopher	Long	christopher.long@example.com
Samantha	Scott	samantha.scott@example.com
Joshua	Lee	joshua.lee@example.com
Aubrey	Hall	aubrey.hall@example.com
Nathan	Allen	nathan.allen@example.com
Hannah	Young	hannah.young@example.com
Isaiah	Hernandez	isaiah.hernandez@example.com
Lily	King	lily.king@example.com
Thomas	Wright	thomas.wright@example.com
Maverick	Scott	maverick.scott@example.com
Kinsley	Green	kinsley.green@example.com
Eli	Bailey	eli.bailey@example.com
Peyton	Adams	peyton.adams@example.com
Jace	Roberts	jace.roberts@example.com
Ariana	Mitchell	ariana.mitchell@example.com
Caleb	Carter	caleb.carter@example.com
Nina	Phillips	nina.phillips@example.com
Hunter	Evans	hunter.evans@example.com
Mackenzie	Turner	mackenzie.turner@example.com
Landon	Collins	landon.collins@example.com
Sophie	Stewart	sophie.stewart@example.com
Jordan	Nguyen	jordan.nguyen@example.com
Maddox	Long	maddox.long@example.com
Kylie	Scott	kylie.scott@example.com
Ryder	Lee	ryder.lee@example.com
